,datum,tage,lebenszahl,paarsumme
27392,31.12.0075,27392,1,168
27757,30.12.0076,27757,1,168
28062,31.10.0077,28062,1,168
28092,30.11.0077,28092,1,168
28121,29.12.0077,28121,1,168
63551,31.12.0174,63551,1,168
63915,30.12.0175,63915,1,168
64221,31.10.0176,64221,1,168
64251,30.11.0176,64251,1,168
64280,29.12.0176,64280,1,168
64585,30.10.0177,64585,1,168
64615,29.11.0177,64615,1,168
64644,28.12.0177,64644,1,168
99710,31.12.0273,99710,1,168
100074,30.12.0274,100074,1,168
100379,31.10.0275,100379,1,168
100409,30.11.0275,100409,1,168
100438,29.12.0275,100438,1,168
100744,30.10.0276,100744,1,168
100774,29.11.0276,100774,1,168
100803,28.12.0276,100803,1,168
101049,31.08.0277,101049,1,168
101079,30.09.0277,101079,1,168
101108,29.10.0277,101108,1,168
101138,28.11.0277,101138,1,168
101167,27.12.0277,101167,1,168
135869,31.12.0372,135869,1,168
136233,30.12.0373,136233,1,168
136538,31.10.0374,136538,1,168
136568,30.11.0374,136568,1,168
136597,29.12.0374,136597,1,168
136902,30.10.0375,136902,1,168
136932,29.11.0375,136932,1,168
136961,28.12.0375,136961,1,168
137208,31.08.0376,137208,1,168
137238,30.09.0376,137238,1,168
137267,29.10.0376,137267,1,168
137297,28.11.0376,137297,1,168
137326,27.12.0376,137326,1,168
137542,31.07.0377,137542,1,168
137572,30.08.0377,137572,1,168
137602,29.09.0377,137602,1,168
137631,28.10.0377,137631,1,168
137661,27.11.0377,137661,1,168
137690,26.12.0377,137690,1,168
172028,31.12.0471,172028,1,168
172393,30.12.0472,172393,1,168
172698,31.10.0473,172698,1,168
172728,30.11.0473,172728,1,168
172757,29.12.0473,172757,1,168
173062,30.10.0474,173062,1,168
173092,29.11.0474,173092,1,168
173121,28.12.0474,173121,1,168
173367,31.08.0475,173367,1,168
173397,30.09.0475,173397,1,168
173426,29.10.0475,173426,1,168
173456,28.11.0475,173456,1,168
173485,27.12.0475,173485,1,168
173702,31.07.0476,173702,1,168
173732,30.08.0476,173732,1,168
173762,29.09.0476,173762,1,168
173791,28.10.0476,173791,1,168
173821,27.11.0476,173821,1,168
173850,26.12.0476,173850,1,168
174066,30.07.0477,174066,1,168
174096,29.08.0477,174096,1,168
174126,28.09.0477,174126,1,168
174155,27.10.0477,174155,1,168
174185,26.11.0477,174185,1,168
174214,25.12.0477,174214,1,168
208187,31.12.0570,208187,1,168
208551,30.12.0571,208551,1,168
208857,31.10.0572,208857,1,168
208887,30.11.0572,208887,1,168
208916,29.12.0572,208916,1,168
209221,30.10.0573,209221,1,168
209251,29.11.0573,209251,1,168
209280,28.12.0573,209280,1,168
209526,31.08.0574,209526,1,168
209556,30.09.0574,209556,1,168
209585,29.10.0574,209585,1,168
209615,28.11.0574,209615,1,168
209644,27.12.0574,209644,1,168
209860,31.07.0575,209860,1,168
209890,30.08.0575,209890,1,168
209920,29.09.0575,209920,1,168
209949,28.10.0575,209949,1,168
209979,27.11.0575,209979,1,168
210008,26.12.0575,210008,1,168
210225,30.07.0576,210225,1,168
210255,29.08.0576,210255,1,168
210285,28.09.0576,210285,1,168
210314,27.10.0576,210314,1,168
210344,26.11.0576,210344,1,168
210373,25.12.0576,210373,1,168
210530,31.05.0577,210530,1,168
210560,30.06.0577,210560,1,168
210589,29.07.0577,210589,1,168
210619,28.08.0577,210619,1,168
210649,27.09.0577,210649,1,168
210678,26.10.0577,210678,1,168
210708,25.11.0577,210708,1,168
210737,24.12.0577,210737,1,168
244346,31.12.0669,244346,1,168
244710,30.12.0670,244710,1,168
245015,31.10.0671,245015,1,168
245045,30.11.0671,245045,1,168
245074,29.12.0671,245074,1,168
245380,30.10.0672,245380,1,168
245410,29.11.0672,245410,1,168
245439,28.12.0672,245439,1,168
245685,31.08.0673,245685,1,168
245715,30.09.0673,245715,1,168
245744,29.10.0673,245744,1,168
245774,28.11.0673,245774,1,168
245803,27.12.0673,245803,1,168
246019,31.07.0674,246019,1,168
246049,30.08.0674,246049,1,168
246079,29.09.0674,246079,1,168
246108,28.10.0674,246108,1,168
246138,27.11.0674,246138,1,168
246167,26.12.0674,246167,1,168
246383,30.07.0675,246383,1,168
246413,29.08.0675,246413,1,168
246443,28.09.0675,246443,1,168
246472,27.10.0675,246472,1,168
246502,26.11.0675,246502,1,168
246531,25.12.0675,246531,1,168
246689,31.05.0676,246689,1,168
246719,30.06.0676,246719,1,168
246748,29.07.0676,246748,1,168
246778,28.08.0676,246778,1,168
246808,27.09.0676,246808,1,168
246837,26.10.0676,246837,1,168
246867,25.11.0676,246867,1,168
246896,24.12.0676,246896,1,168
247053,30.05.0677,247053,1,168
247083,29.06.0677,247083,1,168
247112,28.07.0677,247112,1,168
247142,27.08.0677,247142,1,168
247172,26.09.0677,247172,1,168
247201,25.10.0677,247201,1,168
247231,24.11.0677,247231,1,168
247260,23.12.0677,247260,1,168
280505,31.12.0768,280505,1,168
280869,30.12.0769,280869,1,168
281174,31.10.0770,281174,1,168
281204,30.11.0770,281204,1,168
281233,29.12.0770,281233,1,168
281538,30.10.0771,281538,1,168
281568,29.11.0771,281568,1,168
281597,28.12.0771,281597,1,168
281844,31.08.0772,281844,1,168
281874,30.09.0772,281874,1,168
281903,29.10.0772,281903,1,168
281933,28.11.0772,281933,1,168
281962,27.12.0772,281962,1,168
282178,31.07.0773,282178,1,168
282208,30.08.0773,282208,1,168
282238,29.09.0773,282238,1,168
282267,28.10.0773,282267,1,168
282297,27.11.0773,282297,1,168
282326,26.12.0773,282326,1,168
282542,30.07.0774,282542,1,168
282572,29.08.0774,282572,1,168
282602,28.09.0774,282602,1,168
282631,27.10.0774,282631,1,168
282661,26.11.0774,282661,1,168
282690,25.12.0774,282690,1,168
282847,31.05.0775,282847,1,168
282877,30.06.0775,282877,1,168
282906,29.07.0775,282906,1,168
282936,28.08.0775,282936,1,168
282966,27.09.0775,282966,1,168
282995,26.10.0775,282995,1,168
283025,25.11.0775,283025,1,168
283054,24.12.0775,283054,1,168
283212,30.05.0776,283212,1,168
283242,29.06.0776,283242,1,168
283271,28.07.0776,283271,1,168
283301,27.08.0776,283301,1,168
283331,26.09.0776,283331,1,168
283360,25.10.0776,283360,1,168
283390,24.11.0776,283390,1,168
283419,23.12.0776,283419,1,168
283517,31.03.0777,283517,1,168
283547,30.04.0777,283547,1,168
283576,29.05.0777,283576,1,168
283606,28.06.0777,283606,1,168
283635,27.07.0777,283635,1,168
283665,26.08.0777,283665,1,168
283695,25.09.0777,283695,1,168
283724,24.10.0777,283724,1,168
283754,23.11.0777,283754,1,168
283783,22.12.0777,283783,1,168
316664,31.12.0867,316664,1,168
317029,30.12.0868,317029,1,168
317334,31.10.0869,317334,1,168
317364,30.11.0869,317364,1,168
317393,29.12.0869,317393,1,168
317698,30.10.0870,317698,1,168
317728,29.11.0870,317728,1,168
317757,28.12.0870,317757,1,168
318003,31.08.0871,318003,1,168
318033,30.09.0871,318033,1,168
318062,29.10.0871,318062,1,168
318092,28.11.0871,318092,1,168
318121,27.12.0871,318121,1,168
318338,31.07.0872,318338,1,168
318368,30.08.0872,318368,1,168
318398,29.09.0872,318398,1,168
318427,28.10.0872,318427,1,168
318457,27.11.0872,318457,1,168
318486,26.12.0872,318486,1,168
318702,30.07.0873,318702,1,168
318732,29.08.0873,318732,1,168
318762,28.09.0873,318762,1,168
318791,27.10.0873,318791,1,168
318821,26.11.0873,318821,1,168
318850,25.12.0873,318850,1,168
319007,31.05.0874,319007,1,168
319037,30.06.0874,319037,1,168
319066,29.07.0874,319066,1,168
319096,28.08.0874,319096,1,168
319126,27.09.0874,319126,1,168
319155,26.10.0874,319155,1,168
319185,25.11.0874,319185,1,168
319214,24.12.0874,319214,1,168
319371,30.05.0875,319371,1,168
319401,29.06.0875,319401,1,168
319430,28.07.0875,319430,1,168
319460,27.08.0875,319460,1,168
319490,26.09.0875,319490,1,168
319519,25.10.0875,319519,1,168
319549,24.11.0875,319549,1,168
319578,23.12.0875,319578,1,168
319677,31.03.0876,319677,1,168
319707,30.04.0876,319707,1,168
319736,29.05.0876,319736,1,168
319766,28.06.0876,319766,1,168
319795,27.07.0876,319795,1,168
319825,26.08.0876,319825,1,168
319855,25.09.0876,319855,1,168
319884,24.10.0876,319884,1,168
319914,23.11.0876,319914,1,168
319943,22.12.0876,319943,1,168
320041,30.03.0877,320041,1,168
320071,29.04.0877,320071,1,168
320100,28.05.0877,320100,1,168
320130,27.06.0877,320130,1,168
320159,26.07.0877,320159,1,168
320189,25.08.0877,320189,1,168
320219,24.09.0877,320219,1,168
320248,23.10.0877,320248,1,168
320278,22.11.0877,320278,1,168
320307,21.12.0877,320307,1,168
352823,31.12.0966,352823,1,168
353187,30.12.0967,353187,1,168
353493,31.10.0968,353493,1,168
353523,30.11.0968,353523,1,168
353552,29.12.0968,353552,1,168
353857,30.10.0969,353857,1,168
353887,29.11.0969,353887,1,168
353916,28.12.0969,353916,1,168
354162,31.08.0970,354162,1,168
354192,30.09.0970,354192,1,168
354221,29.10.0970,354221,1,168
354251,28.11.0970,354251,1,168
354280,27.12.0970,354280,1,168
354496,31.07.0971,354496,1,168
354526,30.08.0971,354526,1,168
354556,29.09.0971,354556,1,168
354585,28.10.0971,354585,1,168
354615,27.11.0971,354615,1,168
354644,26.12.0971,354644,1,168
354861,30.07.0972,354861,1,168
354891,29.08.0972,354891,1,168
354921,28.09.0972,354921,1,168
354950,27.10.0972,354950,1,168
354980,26.11.0972,354980,1,168
355009,25.12.0972,355009,1,168
355166,31.05.0973,355166,1,168
355196,30.06.0973,355196,1,168
355225,29.07.0973,355225,1,168
355255,28.08.0973,355255,1,168
355285,27.09.0973,355285,1,168
355314,26.10.0973,355314,1,168
355344,25.11.0973,355344,1,168
355373,24.12.0973,355373,1,168
355530,30.05.0974,355530,1,168
355560,29.06.0974,355560,1,168
355589,28.07.0974,355589,1,168
355619,27.08.0974,355619,1,168
355649,26.09.0974,355649,1,168
355678,25.10.0974,355678,1,168
355708,24.11.0974,355708,1,168
355737,23.12.0974,355737,1,168
355835,31.03.0975,355835,1,168
355865,30.04.0975,355865,1,168
355894,29.05.0975,355894,1,168
355924,28.06.0975,355924,1,168
355953,27.07.0975,355953,1,168
355983,26.08.0975,355983,1,168
356013,25.09.0975,356013,1,168
356042,24.10.0975,356042,1,168
356072,23.11.0975,356072,1,168
356101,22.12.0975,356101,1,168
356200,30.03.0976,356200,1,168
356230,29.04.0976,356230,1,168
356259,28.05.0976,356259,1,168
356289,27.06.0976,356289,1,168
356318,26.07.0976,356318,1,168
356348,25.08.0976,356348,1,168
356378,24.09.0976,356378,1,168
356407,23.10.0976,356407,1,168
356437,22.11.0976,356437,1,168
356466,21.12.0976,356466,1,168
356507,31.01.0977,356507,1,168
356564,29.03.0977,356564,1,168
356594,28.04.0977,356594,1,168
356623,27.05.0977,356623,1,168
356653,26.06.0977,356653,1,168
356682,25.07.0977,356682,1,168
356712,24.08.0977,356712,1,168
356742,23.09.0977,356742,1,168
356771,22.10.0977,356771,1,168
356801,21.11.0977,356801,1,168
356830,20.12.0977,356830,1,168
388982,31.12.1065,388982,1,168
389346,30.12.1066,389346,1,168
389651,31.10.1067,389651,1,168
389681,30.11.1067,389681,1,168
389710,29.12.1067,389710,1,168
390016,30.10.1068,390016,1,168
390046,29.11.1068,390046,1,168
390075,28.12.1068,390075,1,168
390321,31.08.1069,390321,1,168
390351,30.09.1069,390351,1,168
390380,29.10.1069,390380,1,168
390410,28.11.1069,390410,1,168
390439,27.12.1069,390439,1,168
390655,31.07.1070,390655,1,168
390685,30.08.1070,390685,1,168
390715,29.09.1070,390715,1,168
390744,28.10.1070,390744,1,168
390774,27.11.1070,390774,1,168
390803,26.12.1070,390803,1,168
391019,30.07.1071,391019,1,168
391049,29.08.1071,391049,1,168
391079,28.09.1071,391079,1,168
391108,27.10.1071,391108,1,168
391138,26.11.1071,391138,1,168
391167,25.12.1071,391167,1,168
391325,31.05.1072,391325,1,168
391355,30.06.1072,391355,1,168
391384,29.07.1072,391384,1,168
391414,28.08.1072,391414,1,168
391444,27.09.1072,391444,1,168
391473,26.10.1072,391473,1,168
391503,25.11.1072,391503,1,168
391532,24.12.1072,391532,1,168
391689,30.05.1073,391689,1,168
391719,29.06.1073,391719,1,168
391748,28.07.1073,391748,1,168
391778,27.08.1073,391778,1,168
391808,26.09.1073,391808,1,168
391837,25.10.1073,391837,1,168
391867,24.11.1073,391867,1,168
391896,23.12.1073,391896,1,168
391994,31.03.1074,391994,1,168
392024,30.04.1074,392024,1,168
392053,29.05.1074,392053,1,168
392083,28.06.1074,392083,1,168
392112,27.07.1074,392112,1,168
392142,26.08.1074,392142,1,168
392172,25.09.1074,392172,1,168
392201,24.10.1074,392201,1,168
392231,23.11.1074,392231,1,168
392260,22.12.1074,392260,1,168
392358,30.03.1075,392358,1,168
392388,29.04.1075,392388,1,168
392417,28.05.1075,392417,1,168
392447,27.06.1075,392447,1,168
392476,26.07.1075,392476,1,168
392506,25.08.1075,392506,1,168
392536,24.09.1075,392536,1,168
392565,23.10.1075,392565,1,168
392595,22.11.1075,392595,1,168
392624,21.12.1075,392624,1,168
392665,31.01.1076,392665,1,168
392723,29.03.1076,392723,1,168
392753,28.04.1076,392753,1,168
392782,27.05.1076,392782,1,168
392812,26.06.1076,392812,1,168
392841,25.07.1076,392841,1,168
392871,24.08.1076,392871,1,168
392901,23.09.1076,392901,1,168
392930,22.10.1076,392930,1,168
392960,21.11.1076,392960,1,168
392989,20.12.1076,392989,1,168
393030,30.01.1077,393030,1,168
393087,28.03.1077,393087,1,168
393117,27.04.1077,393117,1,168
393146,26.05.1077,393146,1,168
393176,25.06.1077,393176,1,168
393205,24.07.1077,393205,1,168
393235,23.08.1077,393235,1,168
393265,22.09.1077,393265,1,168
393294,21.10.1077,393294,1,168
393324,20.11.1077,393324,1,168
393353,19.12.1077,393353,1,168
425141,31.12.1164,425141,1,168
425505,30.12.1165,425505,1,168
425810,31.10.1166,425810,1,168
425840,30.11.1166,425840,1,168
425869,29.12.1166,425869,1,168
426174,30.10.1167,426174,1,168
426204,29.11.1167,426204,1,168
426233,28.12.1167,426233,1,168
426480,31.08.1168,426480,1,168
426510,30.09.1168,426510,1,168
426539,29.10.1168,426539,1,168
426569,28.11.1168,426569,1,168
426598,27.12.1168,426598,1,168
426814,31.07.1169,426814,1,168
426844,30.08.1169,426844,1,168
426874,29.09.1169,426874,1,168
426903,28.10.1169,426903,1,168
426933,27.11.1169,426933,1,168
426962,26.12.1169,426962,1,168
427178,30.07.1170,427178,1,168
427208,29.08.1170,427208,1,168
427238,28.09.1170,427238,1,168
427267,27.10.1170,427267,1,168
427297,26.11.1170,427297,1,168
427326,25.12.1170,427326,1,168
427483,31.05.1171,427483,1,168
427513,30.06.1171,427513,1,168
427542,29.07.1171,427542,1,168
427572,28.08.1171,427572,1,168
427602,27.09.1171,427602,1,168
427631,26.10.1171,427631,1,168
427661,25.11.1171,427661,1,168
427690,24.12.1171,427690,1,168
427848,30.05.1172,427848,1,168
427878,29.06.1172,427878,1,168
427907,28.07.1172,427907,1,168
427937,27.08.1172,427937,1,168
427967,26.09.1172,427967,1,168
427996,25.10.1172,427996,1,168
428026,24.11.1172,428026,1,168
428055,23.12.1172,428055,1,168
428153,31.03.1173,428153,1,168
428183,30.04.1173,428183,1,168
428212,29.05.1173,428212,1,168
428242,28.06.1173,428242,1,168
428271,27.07.1173,428271,1,168
428301,26.08.1173,428301,1,168
428331,25.09.1173,428331,1,168
428360,24.10.1173,428360,1,168
428390,23.11.1173,428390,1,168
428419,22.12.1173,428419,1,168
428517,30.03.1174,428517,1,168
428547,29.04.1174,428547,1,168
428576,28.05.1174,428576,1,168
428606,27.06.1174,428606,1,168
428635,26.07.1174,428635,1,168
428665,25.08.1174,428665,1,168
428695,24.09.1174,428695,1,168
428724,23.10.1174,428724,1,168
428754,22.11.1174,428754,1,168
428783,21.12.1174,428783,1,168
428824,31.01.1175,428824,1,168
428881,29.03.1175,428881,1,168
428911,28.04.1175,428911,1,168
428940,27.05.1175,428940,1,168
428970,26.06.1175,428970,1,168
428999,25.07.1175,428999,1,168
429029,24.08.1175,429029,1,168
429059,23.09.1175,429059,1,168
429088,22.10.1175,429088,1,168
429118,21.11.1175,429118,1,168
429147,20.12.1175,429147,1,168
429188,30.01.1176,429188,1,168
429218,29.02.1176,429218,1,168
429246,28.03.1176,429246,1,168
429276,27.04.1176,429276,1,168
429305,26.05.1176,429305,1,168
429335,25.06.1176,429335,1,168
429364,24.07.1176,429364,1,168
429394,23.08.1176,429394,1,168
429424,22.09.1176,429424,1,168
429453,21.10.1176,429453,1,168
429483,20.11.1176,429483,1,168
429512,19.12.1176,429512,1,168
429553,29.01.1177,429553,1,168
429583,28.02.1177,429583,1,168
429610,27.03.1177,429610,1,168
429640,26.04.1177,429640,1,168
429669,25.05.1177,429669,1,168
429699,24.06.1177,429699,1,168
429728,23.07.1177,429728,1,168
429758,22.08.1177,429758,1,168
429788,21.09.1177,429788,1,168
429817,20.10.1177,429817,1,168
429847,19.11.1177,429847,1,168
429876,18.12.1177,429876,1,168
461300,31.12.1263,461300,1,168
461665,30.12.1264,461665,1,168
461970,31.10.1265,461970,1,168
462000,30.11.1265,462000,1,168
462029,29.12.1265,462029,1,168
462334,30.10.1266,462334,1,168
462364,29.11.1266,462364,1,168
462393,28.12.1266,462393,1,168
462639,31.08.1267,462639,1,168
462669,30.09.1267,462669,1,168
462698,29.10.1267,462698,1,168
462728,28.11.1267,462728,1,168
462757,27.12.1267,462757,1,168
462974,31.07.1268,462974,1,168
463004,30.08.1268,463004,1,168
463034,29.09.1268,463034,1,168
463063,28.10.1268,463063,1,168
463093,27.11.1268,463093,1,168
463122,26.12.1268,463122,1,168
463338,30.07.1269,463338,1,168
463368,29.08.1269,463368,1,168
463398,28.09.1269,463398,1,168
463427,27.10.1269,463427,1,168
463457,26.11.1269,463457,1,168
463486,25.12.1269,463486,1,168
463643,31.05.1270,463643,1,168
463673,30.06.1270,463673,1,168
463702,29.07.1270,463702,1,168
463732,28.08.1270,463732,1,168
463762,27.09.1270,463762,1,168
463791,26.10.1270,463791,1,168
463821,25.11.1270,463821,1,168
463850,24.12.1270,463850,1,168
464007,30.05.1271,464007,1,168
464037,29.06.1271,464037,1,168
464066,28.07.1271,464066,1,168
464096,27.08.1271,464096,1,168
464126,26.09.1271,464126,1,168
464155,25.10.1271,464155,1,168
464185,24.11.1271,464185,1,168
464214,23.12.1271,464214,1,168
464313,31.03.1272,464313,1,168
464343,30.04.1272,464343,1,168
464372,29.05.1272,464372,1,168
464402,28.06.1272,464402,1,168
464431,27.07.1272,464431,1,168
464461,26.08.1272,464461,1,168
464491,25.09.1272,464491,1,168
464520,24.10.1272,464520,1,168
464550,23.11.1272,464550,1,168
464579,22.12.1272,464579,1,168
464677,30.03.1273,464677,1,168
464707,29.04.1273,464707,1,168
464736,28.05.1273,464736,1,168
464766,27.06.1273,464766,1,168
464795,26.07.1273,464795,1,168
464825,25.08.1273,464825,1,168
464855,24.09.1273,464855,1,168
464884,23.10.1273,464884,1,168
464914,22.11.1273,464914,1,168
464943,21.12.1273,464943,1,168
464984,31.01.1274,464984,1,168
465041,29.03.1274,465041,1,168
465071,28.04.1274,465071,1,168
465100,27.05.1274,465100,1,168
465130,26.06.1274,465130,1,168
465159,25.07.1274,465159,1,168
465189,24.08.1274,465189,1,168
465219,23.09.1274,465219,1,168
465248,22.10.1274,465248,1,168
465278,21.11.1274,465278,1,168
465307,20.12.1274,465307,1,168
465348,30.01.1275,465348,1,168
465405,28.03.1275,465405,1,168
465435,27.04.1275,465435,1,168
465464,26.05.1275,465464,1,168
465494,25.06.1275,465494,1,168
465523,24.07.1275,465523,1,168
465553,23.08.1275,465553,1,168
465583,22.09.1275,465583,1,168
465612,21.10.1275,465612,1,168
465642,20.11.1275,465642,1,168
465671,19.12.1275,465671,1,168
465712,29.01.1276,465712,1,168
465742,28.02.1276,465742,1,168
465770,27.03.1276,465770,1,168
465800,26.04.1276,465800,1,168
465829,25.05.1276,465829,1,168
465859,24.06.1276,465859,1,168
465888,23.07.1276,465888,1,168
465918,22.08.1276,465918,1,168
465948,21.09.1276,465948,1,168
465977,20.10.1276,465977,1,168
466007,19.11.1276,466007,1,168
466036,18.12.1276,466036,1,168
466077,28.01.1277,466077,1,168
466107,27.02.1277,466107,1,168
466134,26.03.1277,466134,1,168
466164,25.04.1277,466164,1,168
466193,24.05.1277,466193,1,168
466223,23.06.1277,466223,1,168
466252,22.07.1277,466252,1,168
466282,21.08.1277,466282,1,168
466312,20.09.1277,466312,1,168
466341,19.10.1277,466341,1,168
466371,18.11.1277,466371,1,168
466400,17.12.1277,466400,1,168
497459,31.12.1362,497459,1,168
497823,30.12.1363,497823,1,168
498129,31.10.1364,498129,1,168
498159,30.11.1364,498159,1,168
498188,29.12.1364,498188,1,168
498493,30.10.1365,498493,1,168
498523,29.11.1365,498523,1,168
498552,28.12.1365,498552,1,168
498798,31.08.1366,498798,1,168
498828,30.09.1366,498828,1,168
498857,29.10.1366,498857,1,168
498887,28.11.1366,498887,1,168
498916,27.12.1366,498916,1,168
499132,31.07.1367,499132,1,168
499162,30.08.1367,499162,1,168
499192,29.09.1367,499192,1,168
499221,28.10.1367,499221,1,168
499251,27.11.1367,499251,1,168
499280,26.12.1367,499280,1,168
499497,30.07.1368,499497,1,168
499527,29.08.1368,499527,1,168
499557,28.09.1368,499557,1,168
499586,27.10.1368,499586,1,168
499616,26.11.1368,499616,1,168
499645,25.12.1368,499645,1,168
499802,31.05.1369,499802,1,168
499832,30.06.1369,499832,1,168
499861,29.07.1369,499861,1,168
499891,28.08.1369,499891,1,168
499921,27.09.1369,499921,1,168
499950,26.10.1369,499950,1,168
499980,25.11.1369,499980,1,168
500009,24.12.1369,500009,1,168
500166,30.05.1370,500166,1,168
500196,29.06.1370,500196,1,168
500225,28.07.1370,500225,1,168
500255,27.08.1370,500255,1,168
500285,26.09.1370,500285,1,168
500314,25.10.1370,500314,1,168
500344,24.11.1370,500344,1,168
500373,23.12.1370,500373,1,168
500471,31.03.1371,500471,1,168
500501,30.04.1371,500501,1,168
500530,29.05.1371,500530,1,168
500560,28.06.1371,500560,1,168
500589,27.07.1371,500589,1,168
500619,26.08.1371,500619,1,168
500649,25.09.1371,500649,1,168
500678,24.10.1371,500678,1,168
500708,23.11.1371,500708,1,168
500737,22.12.1371,500737,1,168
500836,30.03.1372,500836,1,168
500866,29.04.1372,500866,1,168
500895,28.05.1372,500895,1,168
500925,27.06.1372,500925,1,168
500954,26.07.1372,500954,1,168
500984,25.08.1372,500984,1,168
501014,24.09.1372,501014,1,168
501043,23.10.1372,501043,1,168
501073,22.11.1372,501073,1,168
501102,21.12.1372,501102,1,168
501143,31.01.1373,501143,1,168
501200,29.03.1373,501200,1,168
501230,28.04.1373,501230,1,168
501259,27.05.1373,501259,1,168
501289,26.06.1373,501289,1,168
501318,25.07.1373,501318,1,168
501348,24.08.1373,501348,1,168
501378,23.09.1373,501378,1,168
501407,22.10.1373,501407,1,168
501437,21.11.1373,501437,1,168
501466,20.12.1373,501466,1,168
501507,30.01.1374,501507,1,168
501564,28.03.1374,501564,1,168
501594,27.04.1374,501594,1,168
501623,26.05.1374,501623,1,168
501653,25.06.1374,501653,1,168
501682,24.07.1374,501682,1,168
501712,23.08.1374,501712,1,168
501742,22.09.1374,501742,1,168
501771,21.10.1374,501771,1,168
501801,20.11.1374,501801,1,168
501830,19.12.1374,501830,1,168
501871,29.01.1375,501871,1,168
501901,28.02.1375,501901,1,168
501928,27.03.1375,501928,1,168
501958,26.04.1375,501958,1,168
501987,25.05.1375,501987,1,168
502017,24.06.1375,502017,1,168
502046,23.07.1375,502046,1,168
502076,22.08.1375,502076,1,168
502106,21.09.1375,502106,1,168
502135,20.10.1375,502135,1,168
502165,19.11.1375,502165,1,168
502194,18.12.1375,502194,1,168
502235,28.01.1376,502235,1,168
502265,27.02.1376,502265,1,168
502293,26.03.1376,502293,1,168
502323,25.04.1376,502323,1,168
502352,24.05.1376,502352,1,168
502382,23.06.1376,502382,1,168
502411,22.07.1376,502411,1,168
502441,21.08.1376,502441,1,168
502471,20.09.1376,502471,1,168
502500,19.10.1376,502500,1,168
502530,18.11.1376,502530,1,168
502559,17.12.1376,502559,1,168
502600,27.01.1377,502600,1,168
502630,26.02.1377,502630,1,168
502657,25.03.1377,502657,1,168
502687,24.04.1377,502687,1,168
502716,23.05.1377,502716,1,168
502746,22.06.1377,502746,1,168
502775,21.07.1377,502775,1,168
502805,20.08.1377,502805,1,168
502835,19.09.1377,502835,1,168
502864,18.10.1377,502864,1,168
502894,17.11.1377,502894,1,168
502923,16.12.1377,502923,1,168
533618,31.12.1461,533618,1,168
533982,30.12.1462,533982,1,168
534287,31.10.1463,534287,1,168
534317,30.11.1463,534317,1,168
534346,29.12.1463,534346,1,168
534652,30.10.1464,534652,1,168
534682,29.11.1464,534682,1,168
534711,28.12.1464,534711,1,168
534957,31.08.1465,534957,1,168
534987,30.09.1465,534987,1,168
535016,29.10.1465,535016,1,168
535046,28.11.1465,535046,1,168
535075,27.12.1465,535075,1,168
535291,31.07.1466,535291,1,168
535321,30.08.1466,535321,1,168
535351,29.09.1466,535351,1,168
535380,28.10.1466,535380,1,168
535410,27.11.1466,535410,1,168
535439,26.12.1466,535439,1,168
535655,30.07.1467,535655,1,168
535685,29.08.1467,535685,1,168
535715,28.09.1467,535715,1,168
535744,27.10.1467,535744,1,168
535774,26.11.1467,535774,1,168
535803,25.12.1467,535803,1,168
535961,31.05.1468,535961,1,168
535991,30.06.1468,535991,1,168
536020,29.07.1468,536020,1,168
536050,28.08.1468,536050,1,168
536080,27.09.1468,536080,1,168
536109,26.10.1468,536109,1,168
536139,25.11.1468,536139,1,168
536168,24.12.1468,536168,1,168
536325,30.05.1469,536325,1,168
536355,29.06.1469,536355,1,168
536384,28.07.1469,536384,1,168
536414,27.08.1469,536414,1,168
536444,26.09.1469,536444,1,168
536473,25.10.1469,536473,1,168
536503,24.11.1469,536503,1,168
536532,23.12.1469,536532,1,168
536630,31.03.1470,536630,1,168
536660,30.04.1470,536660,1,168
536689,29.05.1470,536689,1,168
536719,28.06.1470,536719,1,168
536748,27.07.1470,536748,1,168
536778,26.08.1470,536778,1,168
536808,25.09.1470,536808,1,168
536837,24.10.1470,536837,1,168
536867,23.11.1470,536867,1,168
536896,22.12.1470,536896,1,168
536994,30.03.1471,536994,1,168
537024,29.04.1471,537024,1,168
537053,28.05.1471,537053,1,168
537083,27.06.1471,537083,1,168
537112,26.07.1471,537112,1,168
537142,25.08.1471,537142,1,168
537172,24.09.1471,537172,1,168
537201,23.10.1471,537201,1,168
537231,22.11.1471,537231,1,168
537260,21.12.1471,537260,1,168
537301,31.01.1472,537301,1,168
537359,29.03.1472,537359,1,168
537389,28.04.1472,537389,1,168
537418,27.05.1472,537418,1,168
537448,26.06.1472,537448,1,168
537477,25.07.1472,537477,1,168
537507,24.08.1472,537507,1,168
537537,23.09.1472,537537,1,168
537566,22.10.1472,537566,1,168
537596,21.11.1472,537596,1,168
537625,20.12.1472,537625,1,168
537666,30.01.1473,537666,1,168
537723,28.03.1473,537723,1,168
537753,27.04.1473,537753,1,168
537782,26.05.1473,537782,1,168
537812,25.06.1473,537812,1,168
537841,24.07.1473,537841,1,168
537871,23.08.1473,537871,1,168
537901,22.09.1473,537901,1,168
537930,21.10.1473,537930,1,168
537960,20.11.1473,537960,1,168
537989,19.12.1473,537989,1,168
538030,29.01.1474,538030,1,168
538060,28.02.1474,538060,1,168
538087,27.03.1474,538087,1,168
538117,26.04.1474,538117,1,168
538146,25.05.1474,538146,1,168
538176,24.06.1474,538176,1,168
538205,23.07.1474,538205,1,168
538235,22.08.1474,538235,1,168
538265,21.09.1474,538265,1,168
538294,20.10.1474,538294,1,168
538324,19.11.1474,538324,1,168
538353,18.12.1474,538353,1,168
538394,28.01.1475,538394,1,168
538424,27.02.1475,538424,1,168
538451,26.03.1475,538451,1,168
538481,25.04.1475,538481,1,168
538510,24.05.1475,538510,1,168
538540,23.06.1475,538540,1,168
538569,22.07.1475,538569,1,168
538599,21.08.1475,538599,1,168
538629,20.09.1475,538629,1,168
538658,19.10.1475,538658,1,168
538688,18.11.1475,538688,1,168
538717,17.12.1475,538717,1,168
538758,27.01.1476,538758,1,168
538788,26.02.1476,538788,1,168
538816,25.03.1476,538816,1,168
538846,24.04.1476,538846,1,168
538875,23.05.1476,538875,1,168
538905,22.06.1476,538905,1,168
538934,21.07.1476,538934,1,168
538964,20.08.1476,538964,1,168
538994,19.09.1476,538994,1,168
539023,18.10.1476,539023,1,168
539053,17.11.1476,539053,1,168
539082,16.12.1476,539082,1,168
539123,26.01.1477,539123,1,168
539153,25.02.1477,539153,1,168
539180,24.03.1477,539180,1,168
539210,23.04.1477,539210,1,168
539239,22.05.1477,539239,1,168
539269,21.06.1477,539269,1,168
539298,20.07.1477,539298,1,168
539328,19.08.1477,539328,1,168
539358,18.09.1477,539358,1,168
539387,17.10.1477,539387,1,168
539417,16.11.1477,539417,1,168
539446,15.12.1477,539446,1,168
569777,31.12.1560,569777,1,168
570141,30.12.1561,570141,1,168
570446,31.10.1562,570446,1,168
570476,30.11.1562,570476,1,168
570505,29.12.1562,570505,1,168
570810,30.10.1563,570810,1,168
570840,29.11.1563,570840,1,168
570869,28.12.1563,570869,1,168
571116,31.08.1564,571116,1,168
571146,30.09.1564,571146,1,168
571175,29.10.1564,571175,1,168
571205,28.11.1564,571205,1,168
571234,27.12.1564,571234,1,168
571450,31.07.1565,571450,1,168
571480,30.08.1565,571480,1,168
571510,29.09.1565,571510,1,168
571539,28.10.1565,571539,1,168
571569,27.11.1565,571569,1,168
571598,26.12.1565,571598,1,168
571814,30.07.1566,571814,1,168
571844,29.08.1566,571844,1,168
571874,28.09.1566,571874,1,168
571903,27.10.1566,571903,1,168
571933,26.11.1566,571933,1,168
571962,25.12.1566,571962,1,168
572119,31.05.1567,572119,1,168
572149,30.06.1567,572149,1,168
572178,29.07.1567,572178,1,168
572208,28.08.1567,572208,1,168
572238,27.09.1567,572238,1,168
572267,26.10.1567,572267,1,168
572297,25.11.1567,572297,1,168
572326,24.12.1567,572326,1,168
572484,30.05.1568,572484,1,168
572514,29.06.1568,572514,1,168
572543,28.07.1568,572543,1,168
572573,27.08.1568,572573,1,168
572603,26.09.1568,572603,1,168
572632,25.10.1568,572632,1,168
572662,24.11.1568,572662,1,168
572691,23.12.1568,572691,1,168
572789,31.03.1569,572789,1,168
572819,30.04.1569,572819,1,168
572848,29.05.1569,572848,1,168
572878,28.06.1569,572878,1,168
572907,27.07.1569,572907,1,168
572937,26.08.1569,572937,1,168
572967,25.09.1569,572967,1,168
572996,24.10.1569,572996,1,168
573026,23.11.1569,573026,1,168
573055,22.12.1569,573055,1,168
573153,30.03.1570,573153,1,168
573183,29.04.1570,573183,1,168
573212,28.05.1570,573212,1,168
573242,27.06.1570,573242,1,168
573271,26.07.1570,573271,1,168
573301,25.08.1570,573301,1,168
573331,24.09.1570,573331,1,168
573360,23.10.1570,573360,1,168
573390,22.11.1570,573390,1,168
573419,21.12.1570,573419,1,168
573460,31.01.1571,573460,1,168
573517,29.03.1571,573517,1,168
573547,28.04.1571,573547,1,168
573576,27.05.1571,573576,1,168
573606,26.06.1571,573606,1,168
573635,25.07.1571,573635,1,168
573665,24.08.1571,573665,1,168
573695,23.09.1571,573695,1,168
573724,22.10.1571,573724,1,168
573754,21.11.1571,573754,1,168
573783,20.12.1571,573783,1,168
573824,30.01.1572,573824,1,168
573854,29.02.1572,573854,1,168
573882,28.03.1572,573882,1,168
573912,27.04.1572,573912,1,168
573941,26.05.1572,573941,1,168
573971,25.06.1572,573971,1,168
574000,24.07.1572,574000,1,168
574030,23.08.1572,574030,1,168
574060,22.09.1572,574060,1,168
574089,21.10.1572,574089,1,168
574119,20.11.1572,574119,1,168
574148,19.12.1572,574148,1,168
574189,29.01.1573,574189,1,168
574219,28.02.1573,574219,1,168
574246,27.03.1573,574246,1,168
574276,26.04.1573,574276,1,168
574305,25.05.1573,574305,1,168
574335,24.06.1573,574335,1,168
574364,23.07.1573,574364,1,168
574394,22.08.1573,574394,1,168
574424,21.09.1573,574424,1,168
574453,20.10.1573,574453,1,168
574483,19.11.1573,574483,1,168
574512,18.12.1573,574512,1,168
574553,28.01.1574,574553,1,168
574583,27.02.1574,574583,1,168
574610,26.03.1574,574610,1,168
574640,25.04.1574,574640,1,168
574669,24.05.1574,574669,1,168
574699,23.06.1574,574699,1,168
574728,22.07.1574,574728,1,168
574758,21.08.1574,574758,1,168
574788,20.09.1574,574788,1,168
574817,19.10.1574,574817,1,168
574847,18.11.1574,574847,1,168
574876,17.12.1574,574876,1,168
574917,27.01.1575,574917,1,168
574947,26.02.1575,574947,1,168
574974,25.03.1575,574974,1,168
575004,24.04.1575,575004,1,168
575033,23.05.1575,575033,1,168
575063,22.06.1575,575063,1,168
575092,21.07.1575,575092,1,168
575122,20.08.1575,575122,1,168
575152,19.09.1575,575152,1,168
575181,18.10.1575,575181,1,168
575211,17.11.1575,575211,1,168
575240,16.12.1575,575240,1,168
575281,26.01.1576,575281,1,168
575311,25.02.1576,575311,1,168
575339,24.03.1576,575339,1,168
575369,23.04.1576,575369,1,168
575398,22.05.1576,575398,1,168
575428,21.06.1576,575428,1,168
575457,20.07.1576,575457,1,168
575487,19.08.1576,575487,1,168
575517,18.09.1576,575517,1,168
575546,17.10.1576,575546,1,168
575576,16.11.1576,575576,1,168
575605,15.12.1576,575605,1,168
575646,25.01.1577,575646,1,168
575676,24.02.1577,575676,1,168
575703,23.03.1577,575703,1,168
575733,22.04.1577,575733,1,168
575762,21.05.1577,575762,1,168
575792,20.06.1577,575792,1,168
575821,19.07.1577,575821,1,168
575851,18.08.1577,575851,1,168
575881,17.09.1577,575881,1,168
575910,16.10.1577,575910,1,168
575940,15.11.1577,575940,1,168
575969,14.12.1577,575969,1,168
605936,31.12.1659,605936,1,168
606301,30.12.1660,606301,1,168
606606,31.10.1661,606606,1,168
606636,30.11.1661,606636,1,168
606665,29.12.1661,606665,1,168
606970,30.10.1662,606970,1,168
607000,29.11.1662,607000,1,168
607029,28.12.1662,607029,1,168
607275,31.08.1663,607275,1,168
607305,30.09.1663,607305,1,168
607334,29.10.1663,607334,1,168
607364,28.11.1663,607364,1,168
607393,27.12.1663,607393,1,168
607610,31.07.1664,607610,1,168
607640,30.08.1664,607640,1,168
607670,29.09.1664,607670,1,168
607699,28.10.1664,607699,1,168
607729,27.11.1664,607729,1,168
607758,26.12.1664,607758,1,168
607974,30.07.1665,607974,1,168
608004,29.08.1665,608004,1,168
608034,28.09.1665,608034,1,168
608063,27.10.1665,608063,1,168
608093,26.11.1665,608093,1,168
608122,25.12.1665,608122,1,168
608279,31.05.1666,608279,1,168
608309,30.06.1666,608309,1,168
608338,29.07.1666,608338,1,168
608368,28.08.1666,608368,1,168
608398,27.09.1666,608398,1,168
608427,26.10.1666,608427,1,168
608457,25.11.1666,608457,1,168
608486,24.12.1666,608486,1,168
608643,30.05.1667,608643,1,168
608673,29.06.1667,608673,1,168
608702,28.07.1667,608702,1,168
608732,27.08.1667,608732,1,168
608762,26.09.1667,608762,1,168
608791,25.10.1667,608791,1,168
608821,24.11.1667,608821,1,168
608850,23.12.1667,608850,1,168
608949,31.03.1668,608949,1,168
608979,30.04.1668,608979,1,168
609008,29.05.1668,609008,1,168
609038,28.06.1668,609038,1,168
609067,27.07.1668,609067,1,168
609097,26.08.1668,609097,1,168
609127,25.09.1668,609127,1,168
609156,24.10.1668,609156,1,168
609186,23.11.1668,609186,1,168
609215,22.12.1668,609215,1,168
609313,30.03.1669,609313,1,168
609343,29.04.1669,609343,1,168
609372,28.05.1669,609372,1,168
609402,27.06.1669,609402,1,168
609431,26.07.1669,609431,1,168
609461,25.08.1669,609461,1,168
609491,24.09.1669,609491,1,168
609520,23.10.1669,609520,1,168
609550,22.11.1669,609550,1,168
609579,21.12.1669,609579,1,168
609620,31.01.1670,609620,1,168
609677,29.03.1670,609677,1,168
609707,28.04.1670,609707,1,168
609736,27.05.1670,609736,1,168
609766,26.06.1670,609766,1,168
609795,25.07.1670,609795,1,168
609825,24.08.1670,609825,1,168
609855,23.09.1670,609855,1,168
609884,22.10.1670,609884,1,168
609914,21.11.1670,609914,1,168
609943,20.12.1670,609943,1,168
609984,30.01.1671,609984,1,168
610041,28.03.1671,610041,1,168
610071,27.04.1671,610071,1,168
610100,26.05.1671,610100,1,168
610130,25.06.1671,610130,1,168
610159,24.07.1671,610159,1,168
610189,23.08.1671,610189,1,168
610219,22.09.1671,610219,1,168
610248,21.10.1671,610248,1,168
610278,20.11.1671,610278,1,168
610307,19.12.1671,610307,1,168
610348,29.01.1672,610348,1,168
610378,28.02.1672,610378,1,168
610406,27.03.1672,610406,1,168
610436,26.04.1672,610436,1,168
610465,25.05.1672,610465,1,168
610495,24.06.1672,610495,1,168
610524,23.07.1672,610524,1,168
610554,22.08.1672,610554,1,168
610584,21.09.1672,610584,1,168
610613,20.10.1672,610613,1,168
610643,19.11.1672,610643,1,168
610672,18.12.1672,610672,1,168
610713,28.01.1673,610713,1,168
610743,27.02.1673,610743,1,168
610770,26.03.1673,610770,1,168
610800,25.04.1673,610800,1,168
610829,24.05.1673,610829,1,168
610859,23.06.1673,610859,1,168
610888,22.07.1673,610888,1,168
610918,21.08.1673,610918,1,168
610948,20.09.1673,610948,1,168
610977,19.10.1673,610977,1,168
611007,18.11.1673,611007,1,168
611036,17.12.1673,611036,1,168
611077,27.01.1674,611077,1,168
611107,26.02.1674,611107,1,168
611134,25.03.1674,611134,1,168
611164,24.04.1674,611164,1,168
611193,23.05.1674,611193,1,168
611223,22.06.1674,611223,1,168
611252,21.07.1674,611252,1,168
611282,20.08.1674,611282,1,168
611312,19.09.1674,611312,1,168
611341,18.10.1674,611341,1,168
611371,17.11.1674,611371,1,168
611400,16.12.1674,611400,1,168
611441,26.01.1675,611441,1,168
611471,25.02.1675,611471,1,168
611498,24.03.1675,611498,1,168
611528,23.04.1675,611528,1,168
611557,22.05.1675,611557,1,168
611587,21.06.1675,611587,1,168
611616,20.07.1675,611616,1,168
611646,19.08.1675,611646,1,168
611676,18.09.1675,611676,1,168
611705,17.10.1675,611705,1,168
611735,16.11.1675,611735,1,168
611764,15.12.1675,611764,1,168
611805,25.01.1676,611805,1,168
611835,24.02.1676,611835,1,168
611863,23.03.1676,611863,1,168
611893,22.04.1676,611893,1,168
611922,21.05.1676,611922,1,168
611952,20.06.1676,611952,1,168
611981,19.07.1676,611981,1,168
612011,18.08.1676,612011,1,168
612041,17.09.1676,612041,1,168
612070,16.10.1676,612070,1,168
612100,15.11.1676,612100,1,168
612129,14.12.1676,612129,1,168
612170,24.01.1677,612170,1,168
612200,23.02.1677,612200,1,168
612227,22.03.1677,612227,1,168
612257,21.04.1677,612257,1,168
612286,20.05.1677,612286,1,168
612316,19.06.1677,612316,1,168
612345,18.07.1677,612345,1,168
612375,17.08.1677,612375,1,168
612405,16.09.1677,612405,1,168
612434,15.10.1677,612434,1,168
612464,14.11.1677,612464,1,168
612493,13.12.1677,612493,1,168
642095,31.12.1758,642095,1,168
642459,30.12.1759,642459,1,168
642765,31.10.1760,642765,1,168
642795,30.11.1760,642795,1,168
642824,29.12.1760,642824,1,168
643129,30.10.1761,643129,1,168
643159,29.11.1761,643159,1,168
643188,28.12.1761,643188,1,168
643434,31.08.1762,643434,1,168
643464,30.09.1762,643464,1,168
643493,29.10.1762,643493,1,168
643523,28.11.1762,643523,1,168
643552,27.12.1762,643552,1,168
643768,31.07.1763,643768,1,168
643798,30.08.1763,643798,1,168
643828,29.09.1763,643828,1,168
643857,28.10.1763,643857,1,168
643887,27.11.1763,643887,1,168
643916,26.12.1763,643916,1,168
644133,30.07.1764,644133,1,168
644163,29.08.1764,644163,1,168
644193,28.09.1764,644193,1,168
644222,27.10.1764,644222,1,168
644252,26.11.1764,644252,1,168
644281,25.12.1764,644281,1,168
644438,31.05.1765,644438,1,168
644468,30.06.1765,644468,1,168
644497,29.07.1765,644497,1,168
644527,28.08.1765,644527,1,168
644557,27.09.1765,644557,1,168
644586,26.10.1765,644586,1,168
644616,25.11.1765,644616,1,168
644645,24.12.1765,644645,1,168
644802,30.05.1766,644802,1,168
644832,29.06.1766,644832,1,168
644861,28.07.1766,644861,1,168
644891,27.08.1766,644891,1,168
644921,26.09.1766,644921,1,168
644950,25.10.1766,644950,1,168
644980,24.11.1766,644980,1,168
645009,23.12.1766,645009,1,168
645107,31.03.1767,645107,1,168
645137,30.04.1767,645137,1,168
645166,29.05.1767,645166,1,168
645196,28.06.1767,645196,1,168
645225,27.07.1767,645225,1,168
645255,26.08.1767,645255,1,168
645285,25.09.1767,645285,1,168
645314,24.10.1767,645314,1,168
645344,23.11.1767,645344,1,168
645373,22.12.1767,645373,1,168
645472,30.03.1768,645472,1,168
645502,29.04.1768,645502,1,168
645531,28.05.1768,645531,1,168
645561,27.06.1768,645561,1,168
645590,26.07.1768,645590,1,168
645620,25.08.1768,645620,1,168
645650,24.09.1768,645650,1,168
645679,23.10.1768,645679,1,168
645709,22.11.1768,645709,1,168
645738,21.12.1768,645738,1,168
645779,31.01.1769,645779,1,168
645836,29.03.1769,645836,1,168
645866,28.04.1769,645866,1,168
645895,27.05.1769,645895,1,168
645925,26.06.1769,645925,1,168
645954,25.07.1769,645954,1,168
645984,24.08.1769,645984,1,168
646014,23.09.1769,646014,1,168
646043,22.10.1769,646043,1,168
646073,21.11.1769,646073,1,168
646102,20.12.1769,646102,1,168
646143,30.01.1770,646143,1,168
646200,28.03.1770,646200,1,168
646230,27.04.1770,646230,1,168
646259,26.05.1770,646259,1,168
646289,25.06.1770,646289,1,168
646318,24.07.1770,646318,1,168
646348,23.08.1770,646348,1,168
646378,22.09.1770,646378,1,168
646407,21.10.1770,646407,1,168
646437,20.11.1770,646437,1,168
646466,19.12.1770,646466,1,168
646507,29.01.1771,646507,1,168
646537,28.02.1771,646537,1,168
646564,27.03.1771,646564,1,168
646594,26.04.1771,646594,1,168
646623,25.05.1771,646623,1,168
646653,24.06.1771,646653,1,168
646682,23.07.1771,646682,1,168
646712,22.08.1771,646712,1,168
646742,21.09.1771,646742,1,168
646771,20.10.1771,646771,1,168
646801,19.11.1771,646801,1,168
646830,18.12.1771,646830,1,168
646871,28.01.1772,646871,1,168
646901,27.02.1772,646901,1,168
646929,26.03.1772,646929,1,168
646959,25.04.1772,646959,1,168
646988,24.05.1772,646988,1,168
647018,23.06.1772,647018,1,168
647047,22.07.1772,647047,1,168
647077,21.08.1772,647077,1,168
647107,20.09.1772,647107,1,168
647136,19.10.1772,647136,1,168
647166,18.11.1772,647166,1,168
647195,17.12.1772,647195,1,168
647236,27.01.1773,647236,1,168
647266,26.02.1773,647266,1,168
647293,25.03.1773,647293,1,168
647323,24.04.1773,647323,1,168
647352,23.05.1773,647352,1,168
647382,22.06.1773,647382,1,168
647411,21.07.1773,647411,1,168
647441,20.08.1773,647441,1,168
647471,19.09.1773,647471,1,168
647500,18.10.1773,647500,1,168
647530,17.11.1773,647530,1,168
647559,16.12.1773,647559,1,168
647600,26.01.1774,647600,1,168
647630,25.02.1774,647630,1,168
647657,24.03.1774,647657,1,168
647687,23.04.1774,647687,1,168
647716,22.05.1774,647716,1,168
647746,21.06.1774,647746,1,168
647775,20.07.1774,647775,1,168
647805,19.08.1774,647805,1,168
647835,18.09.1774,647835,1,168
647864,17.10.1774,647864,1,168
647894,16.11.1774,647894,1,168
647923,15.12.1774,647923,1,168
647964,25.01.1775,647964,1,168
647994,24.02.1775,647994,1,168
648021,23.03.1775,648021,1,168
648051,22.04.1775,648051,1,168
648080,21.05.1775,648080,1,168
648110,20.06.1775,648110,1,168
648139,19.07.1775,648139,1,168
648169,18.08.1775,648169,1,168
648199,17.09.1775,648199,1,168
648228,16.10.1775,648228,1,168
648258,15.11.1775,648258,1,168
648287,14.12.1775,648287,1,168
648328,24.01.1776,648328,1,168
648358,23.02.1776,648358,1,168
648386,22.03.1776,648386,1,168
648416,21.04.1776,648416,1,168
648445,20.05.1776,648445,1,168
648475,19.06.1776,648475,1,168
648504,18.07.1776,648504,1,168
648534,17.08.1776,648534,1,168
648564,16.09.1776,648564,1,168
648593,15.10.1776,648593,1,168
648623,14.11.1776,648623,1,168
648652,13.12.1776,648652,1,168
648693,23.01.1777,648693,1,168
648723,22.02.1777,648723,1,168
648750,21.03.1777,648750,1,168
648780,20.04.1777,648780,1,168
648809,19.05.1777,648809,1,168
648839,18.06.1777,648839,1,168
648868,17.07.1777,648868,1,168
648898,16.08.1777,648898,1,168
648928,15.09.1777,648928,1,168
648957,14.10.1777,648957,1,168
648987,13.11.1777,648987,1,168
649016,12.12.1777,649016,1,168
678254,31.12.1857,678254,1,168
678618,30.12.1858,678618,1,168
678923,31.10.1859,678923,1,168
678953,30.11.1859,678953,1,168
678982,29.12.1859,678982,1,168
679288,30.10.1860,679288,1,168
679318,29.11.1860,679318,1,168
679347,28.12.1860,679347,1,168
679593,31.08.1861,679593,1,168
679623,30.09.1861,679623,1,168
679652,29.10.1861,679652,1,168
679682,28.11.1861,679682,1,168
679711,27.12.1861,679711,1,168
679927,31.07.1862,679927,1,168
679957,30.08.1862,679957,1,168
679987,29.09.1862,679987,1,168
680016,28.10.1862,680016,1,168
680046,27.11.1862,680046,1,168
680075,26.12.1862,680075,1,168
680291,30.07.1863,680291,1,168
680321,29.08.1863,680321,1,168
680351,28.09.1863,680351,1,168
680380,27.10.1863,680380,1,168
680410,26.11.1863,680410,1,168
680439,25.12.1863,680439,1,168
680597,31.05.1864,680597,1,168
680627,30.06.1864,680627,1,168
680656,29.07.1864,680656,1,168
680686,28.08.1864,680686,1,168
680716,27.09.1864,680716,1,168
680745,26.10.1864,680745,1,168
680775,25.11.1864,680775,1,168
680804,24.12.1864,680804,1,168
680961,30.05.1865,680961,1,168
680991,29.06.1865,680991,1,168
681020,28.07.1865,681020,1,168
681050,27.08.1865,681050,1,168
681080,26.09.1865,681080,1,168
681109,25.10.1865,681109,1,168
681139,24.11.1865,681139,1,168
681168,23.12.1865,681168,1,168
681266,31.03.1866,681266,1,168
681296,30.04.1866,681296,1,168
681325,29.05.1866,681325,1,168
681355,28.06.1866,681355,1,168
681384,27.07.1866,681384,1,168
681414,26.08.1866,681414,1,168
681444,25.09.1866,681444,1,168
681473,24.10.1866,681473,1,168
681503,23.11.1866,681503,1,168
681532,22.12.1866,681532,1,168
681630,30.03.1867,681630,1,168
681660,29.04.1867,681660,1,168
681689,28.05.1867,681689,1,168
681719,27.06.1867,681719,1,168
681748,26.07.1867,681748,1,168
681778,25.08.1867,681778,1,168
681808,24.09.1867,681808,1,168
681837,23.10.1867,681837,1,168
681867,22.11.1867,681867,1,168
681896,21.12.1867,681896,1,168
681937,31.01.1868,681937,1,168
681995,29.03.1868,681995,1,168
682025,28.04.1868,682025,1,168
682054,27.05.1868,682054,1,168
682084,26.06.1868,682084,1,168
682113,25.07.1868,682113,1,168
682143,24.08.1868,682143,1,168
682173,23.09.1868,682173,1,168
682202,22.10.1868,682202,1,168
682232,21.11.1868,682232,1,168
682261,20.12.1868,682261,1,168
682302,30.01.1869,682302,1,168
682359,28.03.1869,682359,1,168
682389,27.04.1869,682389,1,168
682418,26.05.1869,682418,1,168
682448,25.06.1869,682448,1,168
682477,24.07.1869,682477,1,168
682507,23.08.1869,682507,1,168
682537,22.09.1869,682537,1,168
682566,21.10.1869,682566,1,168
682596,20.11.1869,682596,1,168
682625,19.12.1869,682625,1,168
682666,29.01.1870,682666,1,168
682696,28.02.1870,682696,1,168
682723,27.03.1870,682723,1,168
682753,26.04.1870,682753,1,168
682782,25.05.1870,682782,1,168
682812,24.06.1870,682812,1,168
682841,23.07.1870,682841,1,168
682871,22.08.1870,682871,1,168
682901,21.09.1870,682901,1,168
682930,20.10.1870,682930,1,168
682960,19.11.1870,682960,1,168
682989,18.12.1870,682989,1,168
683030,28.01.1871,683030,1,168
683060,27.02.1871,683060,1,168
683087,26.03.1871,683087,1,168
683117,25.04.1871,683117,1,168
683146,24.05.1871,683146,1,168
683176,23.06.1871,683176,1,168
683205,22.07.1871,683205,1,168
683235,21.08.1871,683235,1,168
683265,20.09.1871,683265,1,168
683294,19.10.1871,683294,1,168
683324,18.11.1871,683324,1,168
683353,17.12.1871,683353,1,168
683394,27.01.1872,683394,1,168
683424,26.02.1872,683424,1,168
683452,25.03.1872,683452,1,168
683482,24.04.1872,683482,1,168
683511,23.05.1872,683511,1,168
683541,22.06.1872,683541,1,168
683570,21.07.1872,683570,1,168
683600,20.08.1872,683600,1,168
683630,19.09.1872,683630,1,168
683659,18.10.1872,683659,1,168
683689,17.11.1872,683689,1,168
683718,16.12.1872,683718,1,168
683759,26.01.1873,683759,1,168
683789,25.02.1873,683789,1,168
683816,24.03.1873,683816,1,168
683846,23.04.1873,683846,1,168
683875,22.05.1873,683875,1,168
683905,21.06.1873,683905,1,168
683934,20.07.1873,683934,1,168
683964,19.08.1873,683964,1,168
683994,18.09.1873,683994,1,168
684023,17.10.1873,684023,1,168
684053,16.11.1873,684053,1,168
684082,15.12.1873,684082,1,168
684123,25.01.1874,684123,1,168
684153,24.02.1874,684153,1,168
684180,23.03.1874,684180,1,168
684210,22.04.1874,684210,1,168
684239,21.05.1874,684239,1,168
684269,20.06.1874,684269,1,168
684298,19.07.1874,684298,1,168
684328,18.08.1874,684328,1,168
684358,17.09.1874,684358,1,168
684387,16.10.1874,684387,1,168
684417,15.11.1874,684417,1,168
684446,14.12.1874,684446,1,168
684487,24.01.1875,684487,1,168
684517,23.02.1875,684517,1,168
684544,22.03.1875,684544,1,168
684574,21.04.1875,684574,1,168
684603,20.05.1875,684603,1,168
684633,19.06.1875,684633,1,168
684662,18.07.1875,684662,1,168
684692,17.08.1875,684692,1,168
684722,16.09.1875,684722,1,168
684751,15.10.1875,684751,1,168
684781,14.11.1875,684781,1,168
684810,13.12.1875,684810,1,168
684851,23.01.1876,684851,1,168
684881,22.02.1876,684881,1,168
684909,21.03.1876,684909,1,168
684939,20.04.1876,684939,1,168
684968,19.05.1876,684968,1,168
684998,18.06.1876,684998,1,168
685027,17.07.1876,685027,1,168
685057,16.08.1876,685057,1,168
685087,15.09.1876,685087,1,168
685116,14.10.1876,685116,1,168
685146,13.11.1876,685146,1,168
685175,12.12.1876,685175,1,168
685216,22.01.1877,685216,1,168
685246,21.02.1877,685246,1,168
685273,20.03.1877,685273,1,168
685303,19.04.1877,685303,1,168
685332,18.05.1877,685332,1,168
685362,17.06.1877,685362,1,168
685391,16.07.1877,685391,1,168
685421,15.08.1877,685421,1,168
685451,14.09.1877,685451,1,168
685480,13.10.1877,685480,1,168
685510,12.11.1877,685510,1,168
685539,11.12.1877,685539,1,168
714413,31.12.1956,714413,1,168
714777,30.12.1957,714777,1,168
715082,31.10.1958,715082,1,168
715112,30.11.1958,715112,1,168
715141,29.12.1958,715141,1,168
715446,30.10.1959,715446,1,168
715476,29.11.1959,715476,1,168
715505,28.12.1959,715505,1,168
715752,31.08.1960,715752,1,168
715782,30.09.1960,715782,1,168
715811,29.10.1960,715811,1,168
715841,28.11.1960,715841,1,168
715870,27.12.1960,715870,1,168
716086,31.07.1961,716086,1,168
716116,30.08.1961,716116,1,168
716146,29.09.1961,716146,1,168
716175,28.10.1961,716175,1,168
716205,27.11.1961,716205,1,168
716234,26.12.1961,716234,1,168
716450,30.07.1962,716450,1,168
716480,29.08.1962,716480,1,168
716510,28.09.1962,716510,1,168
716539,27.10.1962,716539,1,168
716569,26.11.1962,716569,1,168
716598,25.12.1962,716598,1,168
716755,31.05.1963,716755,1,168
716785,30.06.1963,716785,1,168
716814,29.07.1963,716814,1,168
716844,28.08.1963,716844,1,168
716874,27.09.1963,716874,1,168
716903,26.10.1963,716903,1,168
716933,25.11.1963,716933,1,168
716962,24.12.1963,716962,1,168
717120,30.05.1964,717120,1,168
717150,29.06.1964,717150,1,168
717179,28.07.1964,717179,1,168
717209,27.08.1964,717209,1,168
717239,26.09.1964,717239,1,168
717268,25.10.1964,717268,1,168
717298,24.11.1964,717298,1,168
717327,23.12.1964,717327,1,168
717425,31.03.1965,717425,1,168
717455,30.04.1965,717455,1,168
717484,29.05.1965,717484,1,168
717514,28.06.1965,717514,1,168
717543,27.07.1965,717543,1,168
717573,26.08.1965,717573,1,168
717603,25.09.1965,717603,1,168
717632,24.10.1965,717632,1,168
717662,23.11.1965,717662,1,168
717691,22.12.1965,717691,1,168
717789,30.03.1966,717789,1,168
717819,29.04.1966,717819,1,168
717848,28.05.1966,717848,1,168
717878,27.06.1966,717878,1,168
717907,26.07.1966,717907,1,168
717937,25.08.1966,717937,1,168
717967,24.09.1966,717967,1,168
717996,23.10.1966,717996,1,168
718026,22.11.1966,718026,1,168
718055,21.12.1966,718055,1,168
718096,31.01.1967,718096,1,168
718153,29.03.1967,718153,1,168
718183,28.04.1967,718183,1,168
718212,27.05.1967,718212,1,168
718242,26.06.1967,718242,1,168
718271,25.07.1967,718271,1,168
718301,24.08.1967,718301,1,168
718331,23.09.1967,718331,1,168
718360,22.10.1967,718360,1,168
718390,21.11.1967,718390,1,168
718419,20.12.1967,718419,1,168
718460,30.01.1968,718460,1,168
718490,29.02.1968,718490,1,168
718518,28.03.1968,718518,1,168
718548,27.04.1968,718548,1,168
718577,26.05.1968,718577,1,168
718607,25.06.1968,718607,1,168
718636,24.07.1968,718636,1,168
718666,23.08.1968,718666,1,168
718696,22.09.1968,718696,1,168
718725,21.10.1968,718725,1,168
718755,20.11.1968,718755,1,168
718784,19.12.1968,718784,1,168
718825,29.01.1969,718825,1,168
718855,28.02.1969,718855,1,168
718882,27.03.1969,718882,1,168
718912,26.04.1969,718912,1,168
718941,25.05.1969,718941,1,168
718971,24.06.1969,718971,1,168
719000,23.07.1969,719000,1,168
719030,22.08.1969,719030,1,168
719060,21.09.1969,719060,1,168
719089,20.10.1969,719089,1,168
719119,19.11.1969,719119,1,168
719148,18.12.1969,719148,1,168
719189,28.01.1970,719189,1,168
719219,27.02.1970,719219,1,168
719246,26.03.1970,719246,1,168
719276,25.04.1970,719276,1,168
719305,24.05.1970,719305,1,168
719335,23.06.1970,719335,1,168
719364,22.07.1970,719364,1,168
719394,21.08.1970,719394,1,168
719424,20.09.1970,719424,1,168
719453,19.10.1970,719453,1,168
719483,18.11.1970,719483,1,168
719512,17.12.1970,719512,1,168
719553,27.01.1971,719553,1,168
719583,26.02.1971,719583,1,168
719610,25.03.1971,719610,1,168
719640,24.04.1971,719640,1,168
719669,23.05.1971,719669,1,168
719699,22.06.1971,719699,1,168
719728,21.07.1971,719728,1,168
719758,20.08.1971,719758,1,168
719788,19.09.1971,719788,1,168
719817,18.10.1971,719817,1,168
719847,17.11.1971,719847,1,168
719876,16.12.1971,719876,1,168
719917,26.01.1972,719917,1,168
719947,25.02.1972,719947,1,168
719975,24.03.1972,719975,1,168
720005,23.04.1972,720005,1,168
720034,22.05.1972,720034,1,168
720064,21.06.1972,720064,1,168
720093,20.07.1972,720093,1,168
720123,19.08.1972,720123,1,168
720153,18.09.1972,720153,1,168
720182,17.10.1972,720182,1,168
720212,16.11.1972,720212,1,168
720241,15.12.1972,720241,1,168
720282,25.01.1973,720282,1,168
720312,24.02.1973,720312,1,168
720339,23.03.1973,720339,1,168
720369,22.04.1973,720369,1,168
720398,21.05.1973,720398,1,168
720428,20.06.1973,720428,1,168
720457,19.07.1973,720457,1,168
720487,18.08.1973,720487,1,168
720517,17.09.1973,720517,1,168
720546,16.10.1973,720546,1,168
720576,15.11.1973,720576,1,168
720605,14.12.1973,720605,1,168
720646,24.01.1974,720646,1,168
720676,23.02.1974,720676,1,168
720703,22.03.1974,720703,1,168
720733,21.04.1974,720733,1,168
720762,20.05.1974,720762,1,168
720792,19.06.1974,720792,1,168
720821,18.07.1974,720821,1,168
720851,17.08.1974,720851,1,168
720881,16.09.1974,720881,1,168
720910,15.10.1974,720910,1,168
720940,14.11.1974,720940,1,168
720969,13.12.1974,720969,1,168
721010,23.01.1975,721010,1,168
721040,22.02.1975,721040,1,168
721067,21.03.1975,721067,1,168
721097,20.04.1975,721097,1,168
721126,19.05.1975,721126,1,168
721156,18.06.1975,721156,1,168
721185,17.07.1975,721185,1,168
721215,16.08.1975,721215,1,168
721245,15.09.1975,721245,1,168
721274,14.10.1975,721274,1,168
721304,13.11.1975,721304,1,168
721333,12.12.1975,721333,1,168
721374,22.01.1976,721374,1,168
721404,21.02.1976,721404,1,168
721432,20.03.1976,721432,1,168
721462,19.04.1976,721462,1,168
721491,18.05.1976,721491,1,168
721521,17.06.1976,721521,1,168
721550,16.07.1976,721550,1,168
721580,15.08.1976,721580,1,168
721610,14.09.1976,721610,1,168
721639,13.10.1976,721639,1,168
721669,12.11.1976,721669,1,168
721698,11.12.1976,721698,1,168
721739,21.01.1977,721739,1,168
721769,20.02.1977,721769,1,168
721796,19.03.1977,721796,1,168
721826,18.04.1977,721826,1,168
721855,17.05.1977,721855,1,168
721885,16.06.1977,721885,1,168
721914,15.07.1977,721914,1,168
721944,14.08.1977,721944,1,168
721974,13.09.1977,721974,1,168
722003,12.10.1977,722003,1,168
722033,11.11.1977,722033,1,168
722062,10.12.1977,722062,1,168
